{"mean":{"confidence_interval":{"confidence_level":0.95,"lower_bound":1.6506802069323454,"upper_bound":1.6645345733687795},"point_estimate":1.6579199611626425,"standard_error":0.0035430795204605095},"median":{"confidence_interval":{"confidence_level":0.95,"lower_bound":1.6485137411698778,"upper_bound":1.6644225894728653},"point_estimate":1.6584319967758954,"standard_error":0.004180970163619318}}