{"mean":{"confidence_interval":{"confidence_level":0.95,"lower_bound":0.01492920150212528,"upper_bound":0.028063701967436773},"point_estimate":0.021171858400578003,"standard_error":0.003460865265233647},"median":{"confidence_interval":{"confidence_level":0.95,"lower_bound":0.009970297261142846,"upper_bound":0.027458518677496935},"point_estimate":0.01894275756656416,"standard_error":0.003984239215615582}}