{"mean":{"confidence_interval":{"confidence_level":0.95,"lower_bound":0.1463304439294302,"upper_bound":0.15370371785981374},"point_estimate":0.15002967049921767,"standard_error":0.0018783318731792325},"median":{"confidence_interval":{"confidence_level":0.95,"lower_bound":0.14707476532516806,"upper_bound":0.1601925731387195},"point_estimate":0.15811807601171668,"standard_error":0.0033857664228807587}}