{"mean":{"confidence_interval":{"confidence_level":0.95,"lower_bound":-0.9935783468293382,"upper_bound":-0.993536633269875},"point_estimate":-0.9935575862162458,"standard_error":0.000010627801939696818},"median":{"confidence_interval":{"confidence_level":0.95,"lower_bound":-0.9936501112650682,"upper_bound":-0.993596031572993},"point_estimate":-0.9936419734883079,"standard_error":0.0000167989859434745}}