{"mean":{"confidence_interval":{"confidence_level":0.95,"lower_bound":1.3705081270179156,"upper_bound":1.3836320675095024},"point_estimate":1.3760319455813428,"standard_error":0.0034153316214049143},"median":{"confidence_interval":{"confidence_level":0.95,"lower_bound":1.3715082125552298,"upper_bound":1.3766858097532597},"point_estimate":1.3740876225496006,"standard_error":0.0013200544570951267}}