{"mean":{"confidence_interval":{"confidence_level":0.95,"lower_bound":-0.11992389194165508,"upper_bound":-0.11581820394185861},"point_estimate":-0.11783495336853533,"standard_error":0.001064778672464166},"median":{"confidence_interval":{"confidence_level":0.95,"lower_bound":-0.11931358559402394,"upper_bound":-0.11421688194980009},"point_estimate":-0.1170183367181209,"standard_error":0.0012981518099566135}}