{"mean":{"confidence_interval":{"confidence_level":0.95,"lower_bound":30244132521.36,"upper_bound":30643518706.1075},"point_estimate":30430857103.9,"standard_error":102525447.97096829},"median":{"confidence_interval":{"confidence_level":0.95,"lower_bound":30105131891.0,"upper_bound":30684226656.5},"point_estimate":30372582430.5,"standard_error":113777411.04261754},"median_abs_dev":{"confidence_interval":{"confidence_level":0.95,"lower_bound":40744331.37294352,"upper_bound":574793063.7595832},"point_estimate":314786929.61681485,"standard_error":145593892.68049392},"slope":null,"std_dev":{"confidence_interval":{"confidence_level":0.95,"lower_bound":148587926.19011113,"upper_bound":434069670.7150207},"point_estimate":341559674.20516515,"standard_error":73631643.16025248}}