{"mean":{"confidence_interval":{"confidence_level":0.95,"lower_bound":-0.13333119313709269,"upper_bound":-0.1294516605777885},"point_estimate":-0.13131433218678457,"standard_error":0.000984078773540378},"median":{"confidence_interval":{"confidence_level":0.95,"lower_bound":-0.13271380336019645,"upper_bound":-0.12780178390343522},"point_estimate":-0.1304661577450278,"standard_error":0.0012417356498680705}}