{"mean":{"confidence_interval":{"confidence_level":0.95,"lower_bound":0.04864108119642139,"upper_bound":0.05878416598909457},"point_estimate":0.05307275927026178,"standard_error":0.0026553622750154168},"median":{"confidence_interval":{"confidence_level":0.95,"lower_bound":0.04779641956829739,"upper_bound":0.0520109586212103},"point_estimate":0.050013932574630715,"standard_error":0.0010503370492738456}}