{"mean":{"confidence_interval":{"confidence_level":0.95,"lower_bound":1236857040.1412501,"upper_bound":1243137534.99875},"point_estimate":1239225319.99,"standard_error":1719812.8973676283},"median":{"confidence_interval":{"confidence_level":0.95,"lower_bound":1235917097.0,"upper_bound":1237797831.0},"point_estimate":1236776308.0,"standard_error":435544.14050642005},"median_abs_dev":{"confidence_interval":{"confidence_level":0.95,"lower_bound":2850569.7651922703,"upper_bound":4928674.995578527},"point_estimate":3360819.148233533,"standard_error":508869.3443767534},"slope":null,"std_dev":{"confidence_interval":{"confidence_level":0.95,"lower_bound":4209353.802175138,"upper_bound":28921218.74496926},"point_estimate":17298288.908625286,"standard_error":8456305.477328297}}