{"mean":{"confidence_interval":{"confidence_level":0.95,"lower_bound":441565300.575,"upper_bound":443104010.13675},"point_estimate":442315286.22,"standard_error":393252.2496819232},"median":{"confidence_interval":{"confidence_level":0.95,"lower_bound":441222734.5,"upper_bound":443053796.0},"point_estimate":442081145.5,"standard_error":459861.7875361672},"median_abs_dev":{"confidence_interval":{"confidence_level":0.95,"lower_bound":2620396.5455261637,"upper_bound":3971176.646697521},"point_estimate":3266225.5634129047,"standard_error":349552.54305007454},"slope":null,"std_dev":{"confidence_interval":{"confidence_level":0.95,"lower_bound":3077013.036188303,"upper_bound":4766555.119162385},"point_estimate":3926330.292051822,"standard_error":434406.27402045316}}