{"mean":{"confidence_interval":{"confidence_level":0.95,"lower_bound":10524145773.123001,"upper_bound":10542504006.4755},"point_estimate":10532905917.5,"standard_error":4701317.5956346495},"median":{"confidence_interval":{"confidence_level":0.95,"lower_bound":10519782754.0,"upper_bound":10535306429.5},"point_estimate":10525966841.5,"standard_error":3829997.721557416},"median_abs_dev":{"confidence_interval":{"confidence_level":0.95,"lower_bound":17942952.687048912,"upper_bound":35229914.189743996},"point_estimate":29234026.371592283,"standard_error":4383804.785751621},"slope":null,"std_dev":{"confidence_interval":{"confidence_level":0.95,"lower_bound":23807245.99576156,"upper_bound":42001122.099500306},"point_estimate":33636415.73296168,"standard_error":4653201.156586695}}