{"mean":{"confidence_interval":{"confidence_level":0.95,"lower_bound":3809174259.9,"upper_bound":3835806751.098},"point_estimate":3821901926.72,"standard_error":6803246.299860994},"median":{"confidence_interval":{"confidence_level":0.95,"lower_bound":3794347903.0,"upper_bound":3829875102.0},"point_estimate":3803215896.0,"standard_error":8889740.405868389},"median_abs_dev":{"confidence_interval":{"confidence_level":0.95,"lower_bound":22841604.829303045,"upper_bound":53206801.36629045},"point_estimate":38701799.34980571,"standard_error":8162767.824882037},"slope":null,"std_dev":{"confidence_interval":{"confidence_level":0.95,"lower_bound":34510831.379305795,"upper_bound":59888562.56166007},"point_estimate":48422151.857089095,"standard_error":6511395.423477085}}