{"mean":{"confidence_interval":{"confidence_level":0.95,"lower_bound":502455222.59475,"upper_bound":505715337.41425},"point_estimate":504104789.09,"standard_error":830267.7431902693},"median":{"confidence_interval":{"confidence_level":0.95,"lower_bound":502914839.0,"upper_bound":505341518.0},"point_estimate":504013581.0,"standard_error":633945.2312818755},"median_abs_dev":{"confidence_interval":{"confidence_level":0.95,"lower_bound":3635739.885252714,"upper_bound":6557666.427345647},"point_estimate":4683736.433047056,"standard_error":774141.4036641987},"slope":null,"std_dev":{"confidence_interval":{"confidence_level":0.95,"lower_bound":6468482.558258587,"upper_bound":10013175.54083548},"point_estimate":8357822.621186485,"standard_error":902860.2029811052}}