{"mean":{"confidence_interval":{"confidence_level":0.95,"lower_bound":252695939.9855,"upper_bound":253284374.61825},"point_estimate":252984514.81,"standard_error":150177.4901323295},"median":{"confidence_interval":{"confidence_level":0.95,"lower_bound":252412465.0,"upper_bound":253191866.5},"point_estimate":252981826.0,"standard_error":180190.08724797168},"median_abs_dev":{"confidence_interval":{"confidence_level":0.95,"lower_bound":1219724.6201455593,"upper_bound":1857378.266724944},"point_estimate":1507879.7858297825,"standard_error":167018.5039657374},"slope":null,"std_dev":{"confidence_interval":{"confidence_level":0.95,"lower_bound":1233880.819436797,"upper_bound":1767279.0215264482},"point_estimate":1507243.83731391,"standard_error":136514.51013410577}}