{"mean":{"confidence_interval":{"confidence_level":0.95,"lower_bound":1612091531480.2249,"upper_bound":1694424423056.5},"point_estimate":1663008659970.1,"standard_error":23036633504.537777},"median":{"confidence_interval":{"confidence_level":0.95,"lower_bound":1662169149124.5,"upper_bound":1700620869994.0},"point_estimate":1692743242301.0,"standard_error":12732696667.171091},"median_abs_dev":{"confidence_interval":{"confidence_level":0.95,"lower_bound":1716633882.9348564,"upper_bound":47556756880.43239},"point_estimate":14777753141.165337,"standard_error":12880354788.251844},"slope":null,"std_dev":{"confidence_interval":{"confidence_level":0.95,"lower_bound":11231605367.427626,"upper_bound":117548655480.13884},"point_estimate":76779801477.02116,"standard_error":36179094048.691345}}