{"mean":{"confidence_interval":{"confidence_level":0.95,"lower_bound":249968263.5,"upper_bound":250616821.638},"point_estimate":250286840.01,"standard_error":165264.6523903559},"median":{"confidence_interval":{"confidence_level":0.95,"lower_bound":249727970.0,"upper_bound":250570754.5},"point_estimate":250065580.0,"standard_error":240186.28733119942},"median_abs_dev":{"confidence_interval":{"confidence_level":0.95,"lower_bound":1359452.254664898,"upper_bound":2127466.46912992},"point_estimate":1692277.4162560701,"standard_error":199547.42712944112},"slope":null,"std_dev":{"confidence_interval":{"confidence_level":0.95,"lower_bound":1406750.133827897,"upper_bound":1890523.9754424668},"point_estimate":1655311.3061502355,"standard_error":123860.73919567332}}