{"mean":{"confidence_interval":{"confidence_level":0.95,"lower_bound":240222034.54,"upper_bound":242545000.2985},"point_estimate":241214782.1,"standard_error":599764.3514175114},"median":{"confidence_interval":{"confidence_level":0.95,"lower_bound":239784611.0,"upper_bound":240521883.0},"point_estimate":240094489.0,"standard_error":197976.78522812444},"median_abs_dev":{"confidence_interval":{"confidence_level":0.95,"lower_bound":1096361.1828356981,"upper_bound":1835657.435810566},"point_estimate":1429639.2787188292,"standard_error":191205.74077884288},"slope":null,"std_dev":{"confidence_interval":{"confidence_level":0.95,"lower_bound":1676895.592508177,"upper_bound":9357204.716664439},"point_estimate":6031785.695127039,"standard_error":1980540.3603181469}}