{"mean":{"confidence_interval":{"confidence_level":0.95,"lower_bound":84698232425.245,"upper_bound":84990245755.6},"point_estimate":84832856448.4,"standard_error":75259464.57759757},"median":{"confidence_interval":{"confidence_level":0.95,"lower_bound":84694408183.0,"upper_bound":85012418259.5},"point_estimate":84749621030.5,"standard_error":67100319.78475016},"median_abs_dev":{"confidence_interval":{"confidence_level":0.95,"lower_bound":17240397.48532176,"upper_bound":401137643.0960862},"point_estimate":107655780.58802783,"standard_error":96248788.68514964},"slope":null,"std_dev":{"confidence_interval":{"confidence_level":0.95,"lower_bound":71445713.27100608,"upper_bound":330988453.20761895},"point_estimate":251507352.72974133,"standard_error":63607886.15324631}}