{"mean":{"confidence_interval":{"confidence_level":0.95,"lower_bound":59646144380.6,"upper_bound":59952255626.03},"point_estimate":59791091532.4,"standard_error":78361012.911916},"median":{"confidence_interval":{"confidence_level":0.95,"lower_bound":59603606407.0,"upper_bound":59998900201.0},"point_estimate":59725834108.5,"standard_error":103891969.85408343},"median_abs_dev":{"confidence_interval":{"confidence_level":0.95,"lower_bound":51255160.13453901,"upper_bound":429819106.90378547},"point_estimate":210301720.20709813,"standard_error":96269595.85593076},"slope":null,"std_dev":{"confidence_interval":{"confidence_level":0.95,"lower_bound":129951964.8288639,"upper_bound":338694138.95539814},"point_estimate":261580329.84961605,"standard_error":55091990.04950918}}