{"mean":{"confidence_interval":{"confidence_level":0.95,"lower_bound":39411219.1955,"upper_bound":39508403.24},"point_estimate":39456952.945,"standard_error":24900.77296891658},"median":{"confidence_interval":{"confidence_level":0.95,"lower_bound":39360501.5,"upper_bound":39398277.0},"point_estimate":39383832.75,"standard_error":11259.791521775127},"median_abs_dev":{"confidence_interval":{"confidence_level":0.95,"lower_bound":56255.402751266956,"upper_bound":102649.8570188507},"point_estimate":79118.57694536448,"standard_error":11585.075566586072},"slope":null,"std_dev":{"confidence_interval":{"confidence_level":0.95,"lower_bound":166986.1509669081,"upper_bound":317541.94680533896},"point_estimate":251681.46701864252,"standard_error":38424.40247174228}}