{"mean":{"confidence_interval":{"confidence_level":0.95,"lower_bound":-0.001642575087000342,"upper_bound":0.004465155144355464},"point_estimate":0.0013754354061856766,"standard_error":0.0015753071908427734},"median":{"confidence_interval":{"confidence_level":0.95,"lower_bound":-0.003187663603347768,"upper_bound":0.00558273014670041},"point_estimate":0.0010073348512802394,"standard_error":0.0022163198547730492}}