{"mean":{"confidence_interval":{"confidence_level":0.95,"lower_bound":24.382860438380966,"upper_bound":25.686068637880947},"point_estimate":25.189716929190247,"standard_error":0.3485505366301248},"median":{"confidence_interval":{"confidence_level":0.95,"lower_bound":25.191268151755697,"upper_bound":25.797063843359375},"point_estimate":25.668377154364677,"standard_error":0.1880174942381996}}