{"mean":{"confidence_interval":{"confidence_level":0.95,"lower_bound":1.6307816172267446,"upper_bound":1.6575527559448657},"point_estimate":1.6473095268118074,"standard_error":0.007325580979303817},"median":{"confidence_interval":{"confidence_level":0.95,"lower_bound":1.6520791990206742,"upper_bound":1.6578607811923636},"point_estimate":1.6553117965635282,"standard_error":0.0014261732714682363}}