{"mean":{"confidence_interval":{"confidence_level":0.95,"lower_bound":0.012439817317694796,"upper_bound":0.020283101473192917},"point_estimate":0.015895240289186097,"standard_error":0.0020527264476477235},"median":{"confidence_interval":{"confidence_level":0.95,"lower_bound":0.00988584581673968,"upper_bound":0.021160744308269086},"point_estimate":0.01291007095628438,"standard_error":0.0028081952436660286}}