{"mean":{"confidence_interval":{"confidence_level":0.95,"lower_bound":-0.02357113400246408,"upper_bound":-0.01813992469545146},"point_estimate":-0.020823739213481685,"standard_error":0.0013848788323415186},"median":{"confidence_interval":{"confidence_level":0.95,"lower_bound":-0.01887056751191185,"upper_bound":-0.014264745272856372},"point_estimate":-0.016455911623855735,"standard_error":0.0011641286676552373}}