{"mean":{"confidence_interval":{"confidence_level":0.95,"lower_bound":1.3682176663003263,"upper_bound":1.3829476990544691},"point_estimate":1.3753462419994253,"standard_error":0.0039111462286590525},"median":{"confidence_interval":{"confidence_level":0.95,"lower_bound":1.371674567920084,"upper_bound":1.3824258426983702},"point_estimate":1.3765969422876951,"standard_error":0.002887248781843611}}