{"mean":{"confidence_interval":{"confidence_level":0.95,"lower_bound":-0.9931979968911626,"upper_bound":-0.9931663357780102},"point_estimate":-0.9931822385103923,"standard_error":8.065816474700068e-6},"median":{"confidence_interval":{"confidence_level":0.95,"lower_bound":-0.9931885810299252,"upper_bound":-0.9931539724779699},"point_estimate":-0.9931707849536692,"standard_error":8.650014914392495e-6}}