{"mean":{"confidence_interval":{"confidence_level":0.95,"lower_bound":0.2050402771558609,"upper_bound":0.2105384852873096},"point_estimate":0.20783064276586316,"standard_error":0.001403722712508208},"median":{"confidence_interval":{"confidence_level":0.95,"lower_bound":0.20425146832141272,"upper_bound":0.20895064896849985},"point_estimate":0.20691392817174648,"standard_error":0.0011731764857262727}}