{"mean":{"confidence_interval":{"confidence_level":0.95,"lower_bound":293460041.1455,"upper_bound":294421850.4775},"point_estimate":293936266.32,"standard_error":244764.7182503727},"median":{"confidence_interval":{"confidence_level":0.95,"lower_bound":293194447.0,"upper_bound":294240014.0},"point_estimate":293783694.5,"standard_error":260815.22948356025},"median_abs_dev":{"confidence_interval":{"confidence_level":0.95,"lower_bound":948253.1519651413,"upper_bound":2188427.2735476494},"point_estimate":1522211.3384753466,"standard_error":326268.0295414883},"slope":null,"std_dev":{"confidence_interval":{"confidence_level":0.95,"lower_bound":1358212.7729545874,"upper_bound":2109402.0641310816},"point_estimate":1755181.6202519275,"standard_error":192005.66126383978}}